Keyword,Intent,Volume,Keyword Difficulty,CPC (USD),Competitive Density
حاسبة الزكاة,Informational,8100,12,0.16,0.45
حاسبة زكاة الذهب,Informational,2900,18,0.09,0.41
حاسبة زكاة المال,Informational,2400,14,0.23,0.60
حاسبة زكاة الفطر,Informational,1900,18,0.37,0.19
حاسبة الزكاة الذهب,Informational,390,17,0.25,0.57
حاسبة زكاة الذهب بالريال السعودي,Informational,320,8,0.08,0.36
زكاة المال حاسبة,,70,,0.54,0.56
حاسبة زكاة الغنم,,40,,0.00,0.12
حاسبة الزكاة السعودية,,30,,0.19,0.37
حاسبة الزكاة والدخل,,30,,0.00,0.19
حاسبة زكاة الابل,,30,,0.00,0.05
آلة حاسبة الزكاة,,20,,0.00,0.00
حاسبة الزكاة الاردن,,20,,0.00,0.14
حاسبة الزكاة التقديرية,,20,,0.00,0.14
حاسبة الزكاة الفطر,,20,,0.00,0.07
حاسبة الزكاة بالدينار الاردني,,20,,0.00,0.21
حاسبة الزكاة بالريال,,20,,0.00,0.20
حاسبة الزكاة بالريال السعودي,,20,,0.14,0.30
حاسبة الزكاة مصر,,20,,0.16,0.16
حاسبة زكاة الارض,,20,,0.00,0.32
حاسبة زكاة الذهب السعودية,,20,,0.14,0.57
حاسبة زكاة الفضة,,20,,0.22,0.34
حاسبة زكاة المال السعودية,,20,,0.14,0.60
حاسبة زكاة المال مصر,,20,,0.00,0.07
حاسبة الزكاة للذهب,,10,,0.00,0.00
حاسبة زكاة الراتب,,10,,0.00,0.62
افضل حاسبة زكاة مال,,0,,0.00,0.00
البلدية حاسبة الزكاة,,0,,0.00,0.00
الة حاسبة زكاة الفطر,,0,,0.00,0.00
برنامج فيجول بيسك ستوديو الزكاة قناة معمل الحاسب,,0,,0.00,0.00
تطبيق حساب الزكاة للحاسب الصف الال الثانوي,,0,,0.00,0.00
حاسب زكاه,,0,,0.00,0.00
حاسبة الزكاة hgsu dm,,0,,0.00,0.00
حاسبة الزكاة xlx,,0,,0.00,0.00
حاسبة الزكاة الالكترونية,,0,,0.00,0.00
حاسبة الزكاة التقديري,,0,,0.00,0.00
حاسبة الزكاة الرز,,0,,0.00,0.00
حاسبة الزكاة الكويت,,0,,0.00,0.00
حاسبة الزكاة رمضان,,0,,0.00,0.00
حاسبة الزكاة سلطنة عمان,,0,,0.00,0.00
حاسبة الزكاة قطر,,0,,0.00,0.00
حاسبة الزكاة للمؤسسات,,0,,0.00,0.00
حاسبة زكاة ارباح الاسهم,,0,,0.00,0.00
حاسبة زكاة الدخل,,0,,0.00,0.00
حاسبة زكاة الفطر نقدا,,0,,0.00,0.00
حاسبة زكاة المال على الحساب الجاري,,0,,0.00,0.00
حاسبة زكات المال,,0,,0.00,0.00
حاسبة لجميع انواع الزكاة,,0,,0.00,0.00
حاسبة نصاب زكاة المال,,0,,0.00,0.00
حاسبه زكاه,,0,,0.00,0.00
حاسبه للزكاة,,0,,0.00,0.00
حساب الزكاة حاسبة,,0,,0.00,0.00
فيجوال بيسك حساب الزكاة مادة الحاسب,,0,,0.00,0.00
ما صياغة الحل لايجاد زكاة بهيمة الانعام حاسب 1,,0,,0.00,0.00
نسبة الزكاة علي انتاج نشاط الحاسب الالى,,0,,0.00,0.00
